{
  "project_info": {
    "project_number": "434269974402",
    "project_id": "drivermanagement-b0b4d",
    "storage_bucket": "drivermanagement-b0b4d.appspot.com"
  },
  "client": [
    {
      "client_info": {
        "mobilesdk_app_id": "1:434269974402:android:f592101f048c1d23cd699b",
        "android_client_info": {
          "package_name": "app.client.driver"
        }
      },
      "oauth_client": [],
      "api_key": [
        {
          "current_key": "AIzaSyAPXKjSMs2OcfIx8TFn0XzVexMTlvNKJ8s"
        }
      ],
      "services": {
        "appinvite_service": {
          "other_platform_oauth_client": []
        }
      }
    }
  ],
  "configuration_version": "1"
}